{"aliases": ["Brookfield Asset Management Inc."], "previous_names": [], "associated_domains": ["1400kstreet.com", "1625eyestreet.com", "2001mstreet.com", "brookfield-place.com", "potomac-tower.com", "1250connecticutavenue.com", "potomactower.info", "manhattanwestnyc.com", "1200k.com", "1200kst.com", "125023rd.com", "1400kst.com", "1nyplaza.com", "1reston.com", "2000lst.com", "2001m.com", "2001mst.com", "2ballston.com", "2queen.com", "2wfc.com", "4wfc.com", "53state.com", "7509th.com", "7509thst.com", "75state.com", "77kstreet.com", "allencntr.com", "bceplace.com", "bfpny.com", "bopa.com", "bppreit.com", "dainplaza.com", "fourallen.com", "fourwfc.com", "kbrtower.com", "mytrizec.com", "mytrz.com", "onereston.com", "onewfc.com", "threewfc.com", "trizecinc.com", "twowfc.com", "105adelaidewest.com", "108stgeorgesterrace.com", "1114aveamericas.com", "1201louisiana.com", "1225connecticut.com", "1225connecticutave.com", "125023rdst.com", "125023rdstreet.com", "1250connecticut.com", "1250connecticutave.com", "1250cttendir.com", "1550wilson.com", "1550wilsonblvd.com", "1560wilson.com", "1560wilsonblvd.com", "1801california.com", "1919nlynnst.com", "1allencenter.com", "1restoncrescent.com", "2000lstreet.com", "200libertystreet.com", "200veseystreet.com", "225libertystreet.com", "22frontstreetwest.com", "2401pennsylvaniaave.com", "250veseystreet.com", "2allencenter.com", "2ballstonplaza.com", "2restoncrescent.com", "300-madison.com", "300madison-ave.com", "300queenstreet.com", "333baystreet.com", "33south6thst.com", "375ninthavenue.com", "3allencenter.com", "401west31st.com", "401west31ststreet.com", "425-15thstreet.com", "500jefferson.com", "601and701south12th.com", "601south12th.com", "625newyorkavenue.com", "655newyorkavenue.com", "701ninthstreet.com", "701south12th.com", "7509thstreet.com", "77kstreetne.com", "9thavedevelopment.com", "acreshouse.com", "altiuscentre.com", "bankerscourt.com", "bankerscourteast.com", "bankerscourtwest.com", "bankershallcalgary.com", "bayadelaide.com", "bayadelaidecenter.com", "bayadelaidecentre.com", "bayadelaidesite.com", "bceplacetoronto.com", "bethesdacrescent.com", "bpoproperties.com", "bpopropertiesltd.com", "brookfield-place.ca", "brookfield-place.net", "brookfield-place.org", "brookfieldplacela.com", "bunkerhillla.com", "cdnwesternbankplace.com", "continentalcenter1.com", "continentalcenter2.com", "cullencenter.com", "cullencntr.com", "dainrauscherplaza.com", "dodowntownmpls.com", "enbridgetower.com", "exchangetower.com", "fifthavenueplace.com", "figueroaatwilshire.com", "firstcanadianplace.com", "fourallencenter.com", "gateway-mall.com", "gracebuilding.com", "hudsonbaycentre.com", "hudsonsbaycentre.com", "newportower.com", "newporttower.com", "oneallencenter.com", "onelibertyplaza.com", "onenewyorkplaza.com", "onerestoncrescent.com", "petrocanadacentre.com", "place-de-ville.com", "potomactower.com", "republicplaza.com", "restoncrescent.com", "ssmetroplaza.com", "suncorenergycentre.com", "sunrisetechpark.com", "thayerlodging.com", "theexchangeplace.com", "theexchangetower.com", "thegracebuilding.com", "thevictorbuilding.com", "threeallencenter.com", "torontobuildtosuit.com", "torontodesignbuild.com", "torontoland.com", "torontoleaserenewal.com", "totalplazahouston.com", "tremontgarage.com", "trizechahn.com", "trizecholdings.com", "trizecholdingsinc.com", "trizecpropertiesinc.com", "trizecrealty.com", "twoallencenter.com", "twoballston.com", "twoballstonplaza.com", "tworestoncrescent.com", "1065avenueoftheamericas.com", "1065aveoftheamericas.com", "1114aveoftheamericas.com", "12000sunrisevalleydr.com", "12018sunrisevalleydr.com", "1225connecticutavenue.com", "1leadenhallst.co.uk", "1leadenhallstreet.co.uk", "2401pennsylvaniaavenue.com", "9thavenuedevelopment.com", "bpopropertieslimited.com", "brookfield9thavedevelopment.com", "brookfielddevelopments.com", "brookfieldfinancialproperties.com", "brookfieldofficeproperties.com", "brookfieldplaceboston.com", "brookfieldplacedenver.com", "brookfieldplaceedmonton.com", "brookfieldplacehouston.com", "brookfieldplacelosangeles.com", "brookfieldplacemaryland.com", "brookfieldplaceminneapolis.com", "brookfieldplacevirginia.com", "brookfieldplacewashington.com", "brookfieldplacewashingtondc.com", "brookfieldpropertiescorp.com", "brookfieldpropertiesinc.com", "brookfieldpropertiesltd.com", "bunkerhilldowntownla.com", "canadianpropertyguide.com", "exchangetowertoronto.com", "minneapolis-city-center.com", "onebayadelaidecentre.com", "oneleadenhallstreet.co.uk", "silverspringmetroplaza.com", "suncorenergybuilding.com", "torontodevelopmentsite.com", "torontodevelopmentsites.com", "trizecpropertiesincorporated.com", "twobayadelaidecentre.com", "brookfield9thavenuedevelopment.com", "brookfieldofficepropertiescanada.com", "brookfieldpropertiescorporation.com", "manhattanwest.info", "ninthavedevelopment.com", "brookfieldninthavedevelopment.com", "ninthavenuedevelopment.com", "brookfieldninthavenuedevelopment.com", "brookfieldproperties9thavedevelopment.com", "brookfieldpropertiesmanhattanwest.com", "brookfieldpropertiesmidtownwest.com", "brookfieldpropertiesninthavedevelopment.com", "brookfieldproperties9thavenuedevelopment.com", "brookfieldpropertiesninthavenuedevelopment.com", "108sgt.com.au", "1200k.net", "1200kst.net", "125023rd.net", "1400k.net", "1400kst.net", "1nyplaza.net", "1reston.net", "2000l.net", "2000lst.net", "2001m.net", "2001mst.net", "2ballston.net", "7509th.net", "7509thst.net", "9thave.info", "bcr.ca", "bopc.ca", "bopc.info", "bppreit.ca", "gentra.ca", "kbrtower.net", "mytrizec.info", "mytrz.info", "onereston.net", "trizec.biz", "trizec.info", "trizec.net", "trizec.org", "trizec.us", "trizecinc.biz", "trizecinc.info", "trizecinc.net", "trizecinc.org", "trizecinc.us", "trzweb.biz", "trzweb.info", "trzweb.net", "trzweb.org", "trzweb.us", "108stgeorgesterrace.com.au", "1114aveamericas.net", "1200kstreet.net", "1225connecticut.net", "1225connecticutave.net", "125023rdst.net", "1250connecticut.net", "1250connecticutave.net", "125oldbroadstreet.co", "1400kstreet.net", "1550wilson.net", "1550wilsonblvd.net", "1550wilsonboulevard.net", "1560wilson.net", "1560wilsonblvd.net", "1560wilsonboulevard.net", "1625eyestreet.info", "1801california.net", "1allencenter.net", "1leadenhallst.co", "1leadenhallstreet.co", "1newyorkplaza.net", "1restoncrescent.net", "2000lstreet.net", "2001mstreet.net", "2401pennsylvania.net", "2401pennsylvaniaave.net", "245parkavenue.info", "2allencenter.net", "2ballstonplaza.net", "2restoncrescent.net", "300madisonave.info", "33southsixthstreet.info", "3allencenter.net", "500jefferson.net", "53statestreet.info", "7509thstreet.net", "75statestreet.info", "9thavedevelopment.info", "9thavedevelopment.net", "allencenter.net", "bankershall.net", "bayadelaide.ca", "bayadelaidecenter.ca", "bayadelaidecenter.info", "bayadelaidecenter.net", "bayadelaidecentre.ca", "bayadelaidecentre.info", "bayadelaidecentre.net", "bayadelaidesite.ca", "bethesdacrescent.net", "bpoproperties.ca", "bpoproperties.info", "bpoproperties.net", "bpoproperties.us", "bpopropertiesltd.ca", "bpopropertiesltd.info", "bpopropertiesltd.net", "brookfieldplace.ca", "brookfieldplace.us", "brookfieldplacela.info", "brookfieldplacela.net", "brookfieldreit.biz", "brookfieldreit.info", "brookfieldreit.net", "brookfieldreit.org", "continentalcenter1.net", "continentalcenter2.net", "cullencenter.net", "dainrauscherplaza.info", "gracebuilding.net", "leadenhallcourt.co", "leadenhallcrt.co", "marinatowers.net", "newportower.info", "newportower.net", "newporttower.net", "oneallencenter.net", "oneleadenhallst.co", "oneleadenhallstreet.co", "onelibertyplaza.info", "onenewyorkplaza.net", "onenyplaza.net", "onerestoncrescent.net", "oneworldfinancial.info", "republicplaza.net", "restoncrescent.net", "ssmetroplaza.net", "suncorenergycentre.ca", "sunrisetechpark.net", "thegracebuilding.net", "thevictorbuilding.net", "thevictorbuilding.us", "threeworldfinancial.info", "torontobuildtosuit.net", "torontobuildtosuit.org", "torontoindustrial.net", "torontoleaserenewal.net", "torontoleaserenewal.org", "trizechahn.biz", "trizechahn.info", "trizechahn.net", "trizechahn.us", "trizecholdings.biz", "trizecholdings.info", "trizecholdings.net", "trizecholdings.org", "trizecholdings.us", "trizecholdingsinc.net", "trizecproperties.biz", "trizecproperties.info", "trizecproperties.net", "trizecproperties.org", "trizecproperties.us", "trizecpropertiesinc.biz", "trizecpropertiesinc.info", "trizecpropertiesinc.net", "trizecpropertiesinc.org", "trizecpropertiesinc.us", "trizecrealty.biz", "trizecrealty.info", "trizecrealty.net", "trizecrealty.org", "trizecrealty.us", "trizecrealtytrust.net", "twoallencenter.net", "twoballston.net", "twoballstonplaza.net", "tworestoncrescent.net", "victorbuilding.net", "wishuponastargala.ca", "1065avenueoftheamericas.net", "1114avenueoftheamericas.net", "1114aveoftheamericas.net", "1225connecticutavenue.net", "1250connecticutavenue.net", "2401pennsylvaniaavenue.net", "9thavenuedevelopment.info", "9thavenuedevelopment.net", "bpopropertieslimited.ca", "bpopropertieslimited.info", "bpopropertieslimited.net", "brookfield9thavedevelopment.info", "brookfield9thavedevelopment.net", "brookfieldcoldstorage.ca", "brookfieldfinancialproperties.info", "brookfieldfinancialproperties.net", "brookfieldfinancialproperties.us", "brookfieldninthavedevelopment.net", "brookfieldplaceboston.info", "brookfieldplaceboston.net", "brookfieldplacedenver.info", "brookfieldplacedenver.net", "brookfieldplaceedmonton.info", "brookfieldplaceedmonton.net", "brookfieldplacehouston.info", "brookfieldplacehouston.net", "brookfieldplacelosangeles.info", "brookfieldplacelosangeles.net", "brookfieldplacemaryland.info", "brookfieldplacemaryland.net", "brookfieldplaceminneapolis.info", "brookfieldplaceminneapolis.net", "brookfieldplacevirginia.info", "brookfieldplacevirginia.net", "brookfieldplacewashington.info", "brookfieldplacewashington.net", "brookfieldplacewashingtondc.info", "brookfieldplacewashingtondc.net", "brookfieldpropertiescorp.info", "brookfieldpropertiescorp.net", "brookfieldpropertiescorp.us", "brookfieldpropertiesinc.biz", "brookfieldpropertiesinc.info", "brookfieldpropertiesinc.net", "brookfieldpropertiesinc.org", "brookfieldpropertiesltd.biz", "brookfieldpropertiesltd.info", "brookfieldpropertiesltd.net", "brookfieldpropertiesltd.org", "brookfieldpropertiesltd.us", "silverspringmetroplaza.net", "suncorenergybuilding.ca", "trizecpropertiesincorporated.biz", "trizecpropertiesincorporated.info", "trizecpropertiesincorporated.net", "trizecpropertiesincorporated.org", "trizecpropertiesincorporated.us", "trizecpropertiestrust.info", "trizecpropertiestrust.net", "brookfieldpropertiescorporation.net", "brookfieldpropertiesdevelopment.asia", "brookfieldpropertiesdevelopments.asia", "ninthavedevelopment.info", "ninthavedevelopment.net", "brookfield9thavenuedevelopment.info", "brookfield9thavenuedevelopment.net", "brookfieldninthavedevelopment.info", "brookfieldninthavenuedevelopment.info", "brookfieldninthavenuedevelopment.net", "brookfieldofficepropertiescanada.ca", "brookfieldproperties9thavedevelopment.info", "brookfieldproperties9thavedevelopment.net", "brookfieldproperties9thavenuedevelopment.info", "brookfieldproperties9thavenuedevelopment.net", "brookfieldpropertiesmanhattanwest.info", "brookfieldpropertiesmanhattanwest.net", "brookfieldpropertiesmidtownwest.info", "brookfieldpropertiesmidtownwest.net", "brookfieldpropertiesninthavedevelopment.info", "brookfieldpropertiesninthavedevelopment.net", "brookfieldpropertiesninthavenuedevelopment.info", "brookfieldpropertiesninthavenuedevelopment.net", "ninthavenuedevelopment.info", "ninthavenuedevelopment.net"], "ticker_symbols": []}