{"aliases": ["MICRON EUROPE LIMITED", "Micron Europe Ltd", "Micron Foundation", "Micron Semiconductor (Deutschland) GmbH", "Micron Semiconductor (Shanghai) Co., Ltd.", "Micron Semiconductor (Xi'an) Co., Ltd.", "Micron Technology", "Micron Technology Belgium BVBA", "Micron Technology, Inc.", "Micron Technology (Shanghai) Co., Ltd.", "Micron Ventures"], "previous_names": [], "associated_domains": ["micron-tech.com", "micron-technology.com", "microntechnology.com", "msgn.com", "crucial.com", "msgnetworks.com", "a-elpida.com", "ballisitx.com", "crucal.com", "cruicial.com", "curcial.com", "eememory.com", "elpida.com", "matchmac.com", "micron.com.sg", "micron.net", "micron.sg", "numonyx.com", "teamddr.com", "vertensys.com", "vir10sys.com", "virtensys.com", "ballistixmemory.com", "ballistixtracer.com", "cameraflashmemory.com", "cameramemoryguide.com", "crucial-technology.com", "crucialatcost.com", "crucialbelowcost.com", "crucialonline.com", "crucialpresentation.com", "crucialproducts.com", "crucialsucks.com", "crucialtech.com", "crucialtechnologies.com", "crucialupgrades.com", "dominionsc.com", "fastmemoryupgrades.com", "fastramupgrades.com", "gamememoryupgrades.com", "ilovememory.com", "laptopmemorystore.com", "lowlatencymemory.com", "lowlatencyram.com", "macmatch.co.uk", "macmatchup.com", "macmemoryupgrades.com", "matchmac.co.uk", "matchmymac.com", "memorycardadvisor.com", "memorycardselector.com", "memoryhawg.com", "memorytechsupport.com", "micron-tech.net", "micron-tech.org", "micronemployee.com", "micronjapan.com", "micronjobs.com", "micronmemory.com", "micronsemi.com", "micronsemiconductor.com", "microntech.net", "microntech.org", "microntechnology.net", "microntechnology.org", "mostwantedmemory.com", "mypresentdoesntwork.com", "notebookmemorystore.com", "ramguides.com", "thememoryexperts.com", "topmemoryupgrades.com", "upgradeguides.com", "upgradeinfo.com", "cameraflashmemory.co.uk", "cameramemoryguide.co.uk", "crucial-presentation.com", "crucial-presentations.com", "crucial-technology.co.uk", "crucialflash.co.uk", "crucialmemoryadvisor.com", "crucialnand.com", "crucialpresentation.co.uk", "crucialpresentations.com", "crucialtechnology.co.uk", "crucialtechnologyeurope.com", "energyefficientmemory.com", "fastmemoryupgrades.co.uk", "fastramupgrades.co.uk", "flashcardupgradestore.com", "gamememoryupgrades.co.uk", "ilovememory.co.uk", "laptopmemorystore.co.uk", "lowlatencymemory.co.uk", "lowlatencyram.co.uk", "macmatchup.co.uk", "macmemoryupgrades.co.uk", "matchmymac.co.uk", "micron-semiconductor.com", "micronsemiconductors.com", "mostwantedmemory.co.uk", "mypresentdoesnotwork.com", "notebookmemorystore.co.uk", "topmemoryupgrades.co.uk", "crucial-presentation.co.uk", "crucial-presentations.co.uk", "crucialpresentations.co.uk", "crucialtechnologyeurope.co.uk", "flashcardupgradestore.co.uk", "tristatehockeymoms.com", "crucialnandflash.com", "ballistix.mobi", "crucial.asia", "crucial.be", "crucial.biz", "crucial.co.nz", "crucial.com.cn", "crucial.com.tw", "crucial.gen.in", "crucial.in", "crucial.mobi", "crucial.net", "crucial.net.cn", "crucial.org.cn", "crucial.us", "crutial.eu", "humong.us", "numonyx.asia", "numonyx.biz", "numonyx.info", "numonyx.jobs", "numonyx.net", "numonyx.org", "numonyx.us", "rendition.eu", "spectek.be", "ballistixtracer.eu", "crucial-it.eu", "crucial-technology.biz", "crucial-technology.eu", "crucial-technology.info", "crucial-trading.eu", "crucial-uk.eu", "crucial.com.sg", "crucial.sg", "crucialjobs.eu", "crucialmemory.ca", "crucialmemory.cn", "crucialmemory.es", "crucialmemory.jp", "crucialmemory.se", "crucialonline.us", "crucialpresentation.net", "crucialpresentation.org", "crucialtech.biz", "crucialtech.info", "crucialtech.us", "crucialtechnology.asia", "crucialtechnology.biz", "crucialtechnology.cn", "crucialtechnology.com.cn", "crucialtechnology.eu", "crucialtechnology.info", "crucialtechnology.mobi", "crucialtechnology.net", "crucialtechnology.net.cn", "crucialtechnology.org", "crucialtechnology.org.cn", "crucialtechnology.us", "crucialtrading.eu", "memory-advisor.eu", "memory-selector.eu", "memoryadvisor.eu", "memorydirect.info", "memorydirect.us", "memoryproducts.eu", "memoryselector.eu", "micronmemory.org", "micronsemi.net", "micronsemi.org", "micronsemiconductor.net", "micronsemiconductor.org", "microntechnology.be", "orderingmemory.us", "thememoryexperts.eu", "upgradeinfo.net", "upgradeinfo.org", "crucial-polska.pl", "crucial-presentation.net", "crucial-presentation.org", "crucial-presentations.net", "crucial-presentations.org", "crucialbymicron.com.au", "crucialbymicron.de", "crucialbymicron.it", "crucialpresentations.net", "crucialpresentations.org", "crucialtechnologyeurope.be", "crucialtechnologyeurope.biz", "crucialtechnologyeurope.info", "crucialtechnologyeurope.net", "crucialtechnologyeurope.org", "crucialtechnologyeurope.us", "micron-semiconductor.net", "micron-semiconductor.org", "micronsemiconductors.net", "micronsemiconductors.org"], "ticker_symbols": []}