{"aliases": ["Robert Half", "Robert Half Direct", "Robert Half International Inc."], "previous_names": [], "associated_domains": ["robert-half.com", "acountemp.com", "paylandia.com", "rhalf.org", "rhalfmr.com", "rhfsg.com", "rhic.com", "rhies.com", "rhiexs.com", "rhilegal.com", "rhimr.com", "rhlegal.com", "rhmr.com", "rhmrsox.com", "rht.com", "roberhalf.com", "account-temps.com", "accountemp.com", "accountempscampus.com", "accountempskc.com", "accountingcareer.com", "accountingstudent.com", "acounttemp.com", "acounttemps.com", "affiliates.com", "creativegroup.com", "futurelawoffice.com", "itprofessionaljobs.com", "my-training.com", "mybankingcareer.com", "myfinancialcareer.com", "mylegalcareer.com", "mymarketingcareer.com", "mytechnologycareer.com", "project-attorney.com", "projectattorney.com", "projectnetwork.com", "rhalffinance.com", "rhalfinance.com", "rhies.co.uk", "rhiexecutivesearch.com", "rhimanagement.com", "rhiresources.com", "rhtechnology.com", "roberhalffinance.com", "roberhalflegal.com", "roberthaff.com", "roberthalf.com.ar", "roberthalf.com.es", "roberthalf.es", "roberthalf.ie", "roberthalf.us", "roberthalfes.com", "roberthalffa.com", "roberthalffinance.com", "roberthalffinancial.com", "roberthalffs.com", "roberthalffsg.com", "roberthalfkc.com", "roberthalflegal.com", "roberthalfmr.com", "roberthalfstaffing.com", "roberthalftech.com", "roberthhalf.com", "tcgpaylandia.com", "the-affiliates.com", "the-creative-group.com", "theaffiliates.com", "thecreativegroup.com", "thejobzone.com", "visitpaylandia.com", "wwwaccountemps.com", "myaccountingcareerpath.com", "officeofthefuture2020.com", "publicaccountantjobs.com", "roberthalfes.co.uk", "roberthalfexecutivesearch.com", "roberthalfinternational.jobs", "roberthalftechnology.com", "cpajobs.net", "lawjobs.org", "rhe.com.ar", "rhfa.at", "rhfa.ca", "rhfa.com.ar", "rhfa.us", "rhfsg.cl", "rhfsg.com.ar", "rhhr.cl", "rhic.ca", "rhies.at", "rhies.be", "rhies.ch", "rhies.us", "rhii.ca", "rhii.net", "rhimr.ie", "rhmr.cl", "rhmr.com.ar", "rhmr.us", "rhsm.com.ar", "rht.cl", "accountemps.com.es", "affiliates.ie", "creativegroup.cl", "creativegroup.com.mx", "executivecareer.net", "itconsultingjobs.net", "jobsintechnology.us", "legalcareers.net", "legalstaffing.net", "officeteam.com.es", "officeteam.es", "officeteam.ie", "protivitiglobal.com.mx", "rhalffinance.us", "rhiconsulting.ca", "rhifinancial.us", "roberhalffinance.us", "roberthalf-cs.ae", "roberthalf-cs.com.es", "roberthalf-cs.es", "roberthalf-cs.ie", "roberthalfes.us", "roberthalffa.ca", "roberthalffa.cl", "roberthalffinance.at", "roberthalffinance.cl", "roberthalffinance.jobs", "roberthalffinance.org", "roberthalffinance.se", "roberthalffinance.us", "roberthalffinancial.org", "roberthalffinancial.us", "roberthalffsg.cl", "roberthalfinance.org", "roberthalfinance.us", "roberthalfinancial.us", "roberthalflegal.cl", "roberthalflegal.es", "roberthalflegal.jp", "roberthalflegal.us", "roberthalfmr.cl", "roberthalfmr.org", "roberthalfmr.us", "roberthalfsm.cl", "roberthalfsm.com.ar", "roberthalft.cl", "roberthalft.com.ar", "theaffiliates.ca", "theaffiliates.us", "thecreativegroup.cl", "thecreativegroup.com.ar", "thecreativegroup.es", "thecreativegroup.jobs", "thecreativegroup.us", "roberthalfinanceandaccounting.us", "roberthalfmanagement.jp", "roberthalfmanagement.se", "roberthalfmanagement.us", "roberthalfmanagementresources.dk", "roberthalfmanagementresources.es", "roberthalfmanagementresources.us", "roberthalftechnology.cl", "roberthalftechnology.dk", "roberthalftechnology.es", "roberthalftechnology.org", "roberthalffinanceandaccounting.at", "roberthalffinanceandaccounting.ca", "roberthalffinanceandaccounting.dk", "roberthalffinanceandaccounting.es", "roberthalffinanceandaccounting.se", "roberthalffinanceandaccounting.us"], "ticker_symbols": []}