{"aliases": ["Nordstrom Canada", "Nordstrom, Inc."], "previous_names": [], "associated_domains": ["caslon.com", "halogen.eu", "njeans.com", "nordsport.com", "nordstom.com", "nordstrom.asia", "nordstrom.biz", "nordstrom.co.in", "nordstrom.com.cn", "nordstrom.eu", "nordstrom.fr", "nordstrom.in", "nordstrom.mobi", "nordstrom.tw", "norfstrom.com", "nortstrom.com", "studio121.com", "wantful.com", "1-8-norfstrom.com", "1-8norfstrom.com", "1500callnordstrom.com", "boycottnordstrom.com", "boycottnordstroms.com", "buy-nordstrom.com", "caslonstyle.com", "classiquesentier.com", "deals-nordstrom.com", "edeals-nordstrom.com", "enordstrom.com", "enordstroms.com", "findat-nordstrom.com", "halogenexperience.com", "johnwnordstrom.com", "nordstombank.com", "nordstorms.com", "nordstrom.it", "nordstrom.net", "nordstrombank.com", "nordstrombankcard.com", "nordstromcares.com", "nordstromclearance.com", "nordstromdeals.com", "nordstromfsbsucks.com", "nordstromgifts.com", "nordstromkorea.com", "nordstrommaternity.com", "nordstrommobile.com", "nordstromnarrative.com", "nordstrompartners.com", "nordstromrewards.com", "nordstroms.com", "nordstromsale.com", "nordstromscares.com", "nordstromsnecess.com", "nordstromsucks.com", "nordstromswomens.com", "nordstromtravel.com", "nordstromunderwear.com", "nordstromway.com", "nordstromwomens.com", "nordstrornbank.com", "norstrombank.com", "shopat-nordstrom.com", "shopatnordstrom.com", "talora.com", "treasureandbond.com", "wwwnordstrom.com", "cheaperthannordstrom.com", "nordstrombankmortgage.com", "nordstrombankmortgages.com", "nordstromcreditservices.com", "nordstromfashionfeed.com", "nordstromfashionrewards.com", "nordstrornfashionrewards.com", "877gift.mobi", "ambersun.asia", "ambersun.eu", "ambersun.mobi", "bpgc.mobi", "brassplum.biz", "brassplum.eu", "brassplum.mobi", "brassplum.org", "brassplum.us", "caslon.asia", "caslon.biz", "caslon.eu", "caslon.info", "caslon.mobi", "caslon.org", "caslon.us", "evergreen.biz", "evg.biz", "flounce.mobi", "frenchi.asia", "frenchi.eu", "frenchi.mobi", "frills.asia", "halogen.mobi", "jwn.asia", "jwn.mobi", "jwn.tw", "nfsb.asia", "nfsb.biz", "nfsb.mobi", "nfsb.org", "nfsb.us", "nkids.mobi", "nord.ie", "nordies.asia", "nordies.mobi", "nordstom.asia", "nordstom.biz", "nordstom.net", "nordstom.us", "nordstoms.biz", "nordstoms.net", "nordstoms.us", "nordstorm.asia", "nordstrum.asia", "nordstrum.biz", "nordstrum.mobi", "nordy.asia", "nordy.biz", "nordy.mobi", "nordy.net", "norsport.asia", "norsport.biz", "norsport.net", "nvgc.mobi", "purestuff.asia", "rubbish.asia", "rubbish.mobi", "starling.asia", "studio121.net", "studio121.org", "talora.biz", "talora.net", "talora.org", "tesori.eu", "tesori.mobi", "tildon.asia", "valette.asia", "viac.mobi", "viac.net", "viac.org", "1-8-nordstrom.net", "1-8nordstrom.net", "1800nordstrom.mobi", "18773222595.mobi", "18nordstrom.net", "boycottnordstrom.net", "boycottnordstrom.org", "boycottnordstroms.net", "boycottnordstroms.org", "bpfashionboard.mobi", "bpnordstrom.asia", "bpnordstrom.mobi", "bpnordstrom.net", "bpnordstrom.org", "caslonstyle.net", "caslonstyle.org", "classiques.biz", "classiquesentier.asia", "classiquesentier.biz", "classiquesentier.eu", "classiquesentier.info", "classiquesentier.mobi", "classiquesentier.net", "classiquesentier.org", "classiquesentier.us", "designercollections.mobi", "designernordstrom.mobi", "designerpreviews.mobi", "enordstrom.mobi", "fashionrewards.asia", "frillsnordstrom.asia", "halogenexperience.org", "halogenlifestyle.org", "halogenstyle.org", "ivyandmoon.mobi", "johnwnordstrom.asia", "johnwnordstrom.mobi", "mynordstrommobile.org", "nanddesign.net", "nordstombank.asia", "nordstrombackroom.mobi", "nordstrombags.mobi", "nordstrombank.asia", "nordstrombank.biz", "nordstrombank.mobi", "nordstrombank.net", "nordstrombank.org", "nordstrombank.us", "nordstrombanking.asia", "nordstrombanking.biz", "nordstrombanking.net", "nordstrombanking.org", "nordstrombanking.us", "nordstrombeauty.mobi", "nordstromcard.mobi", "nordstromcares.net", "nordstromcares.org", "nordstromcatalog.mobi", "nordstromclearance.mobi", "nordstromcollectors.net", "nordstromcouture.mobi", "nordstromcredit.mobi", "nordstromdeals.mobi", "nordstromdeals.net", "nordstromdirect.biz", "nordstromdirect.mobi", "nordstromfinancial.biz", "nordstromfinancial.net", "nordstromfinancial.org", "nordstromfinancial.us", "nordstromfirstlook.biz", "nordstromfirstlook.mobi", "nordstromfirstlook.us", "nordstromfsb.asia", "nordstromfsb.net", "nordstromfsb.org", "nordstromfsb.us", "nordstromfsbsucks.mobi", "nordstromgifts.mobi", "nordstromgifts.net", "nordstromgifts.org", "nordstrominc.mobi", "nordstromjewelry.mobi", "nordstromkids.mobi", "nordstrommen.mobi", "nordstrommobile.net", "nordstrommobile.org", "nordstrommod.asia", "nordstromnarrative.net", "nordstromnarrative.org", "nordstromnotes.asia", "nordstromoutlets.mobi", "nordstromrewards.net", "nordstromrewards.org", "nordstroms.asia", "nordstroms.biz", "nordstroms.mobi", "nordstroms.net", "nordstromsale.mobi", "nordstromsale.net", "nordstromsale.org", "nordstromscares.net", "nordstromsnet.net", "nordstromstore.mobi", "nordstromsupplier.mobi", "nordstromsuppliers.mobi", "nordstromsviac.net", "nordstromtravel.mobi", "nordstromviac.mobi", "nordstromviac.net", "nordstromweddings.net", "nordstromwomen.mobi", "nordstromwomens.mobi", "nordstrorn.asia", "nordstrornbank.asia", "nordstrornbank.mobi", "nordstrornbank.net", "nordstrornbank.org", "nordstrum.cm", "nordstrums.mobi", "pinepeakblues.biz", "pinepeakblues.eu", "pinepeakblues.mobi", "pinepeakblues.net", "pinepeakblues.org", "previewcollection.mobi", "publicopinion.asia", "purestuff.eu", "purestuff.mobi", "risingstardesigner.mobi", "risingstardesigners.mobi", "semantiks.mobi", "shopatnordstrom.mobi", "shopatnordstrom.net", "shopatnordstrom.org", "shopnordstrom.net", "shopnordstrom.org", "softwearsolutions.mobi", "softwearsolutions.net", "softwearsolutions.org", "spanordstrom.mobi", "storenordstrom.mobi", "treasureandbond.net", "whithamandwhyte.biz", "whithamandwhyte.mobi", "wwwnordstrom.mobi", "designerfinale.mobi", "designerpreview.mobi", "frillsnordstrom.mobi", "makeandmodel.asia", "mynordstrom.mobi", "mynordstrommobile.mobi", "mynordstrommobile.net", "mynordstroms.mobi", "nordstromathome.mobi", "nordstrombaby.mobi", "nordstrombanking.mobi", "nordstrombuyonline.mobi", "nordstromclothesline.net", "nordstromcollectors.mobi", "nordstromcreditservices.mobi", "nordstromcreditservices.net", "nordstromcreditservices.org", "nordstromdeals.org", "nordstromdesigner.mobi", "nordstromfashionfeed.net", "nordstromfashionfeed.org", "nordstromfashionrewards.asia", "nordstromfashionrewards.mobi", "nordstromfashionrewards.net", "nordstromfashionrewards.org", "nordstromfinancial.mobi", "nordstromfsb.biz", "nordstromgiftcard.mobi", "nordstromnotes.mobi", "nordstromoutlet.mobi", "nordstromscares.org", "nordstromvgc.mobi", "nordstrornfashionrewards.asia", "nordstrornfashionrewards.mobi", "nordstrornfashionrewards.net", "nordstrornfashionrewards.org", "nordstrums.asia", "nordstrums.biz", "previewinternational.mobi", "publicopinion.mobi", "shopnordstrom.mobi"], "ticker_symbols": []}